attr0,attr1,attr2,attr3,attr4,attr5,attr6,attr7,attr8,attr9,attr10,attr11,attr12,attr13,attr14,attr15,attr16,attr17,attr18,attr19,attr20,attr21,attr22,attr23,attr24,attr25,attr26,attr27,attr28,attr29,attr30,attr31,attr32,attr33,attr34,attr35,attr36,attr37,attr38,attr39,attr40,attr41,attr42,attr43,attr44,attr45,attr46,attr47,attr48,attr49,attr50,attr51,attr52,attr53,attr54,attr55,attr56,attr57,attr58,attr59,attr60,attr61,attr62,attr63,attr64,attr65,attr66,attr67,attr68,attr69,attr70,attr71,attr72,attr73,attr74,attr75,attr76,attr77,attr78,attr79,attr80,attr81,attr82,attr83,attr84,attr85,attr86,attr87,attr88,attr89,attr90,attr91,attr92,attr93,attr94,attr95,attr96,attr97,attr98,attr99,attr100,attr101,attr102,attr103,attr104,attr105,attr106,attr107,attr108,attr109,attr110,attr111,attr112,attr113,attr114,attr115,attr116,attr117,attr118,attr119,attr120,attr121,attr122,attr123,attr124,attr125,attr126,attr127,attr128,attr129,attr130,attr131,attr132,attr133,attr134,attr135,attr136,attr137,attr138,attr139,attr140,attr141,attr142,attr143,attr144,attr145,attr146,attr147,attr148,attr149,attr150,attr151,attr152,attr153,attr154,attr155,attr156,attr157,attr158,attr159,attr160,attr161,attr162,attr163,attr164,attr165,attr166,attr167,attr168,attr169,attr170,attr171,attr172,attr173,attr174,attr175,attr176,attr177,attr178,attr179,attr180,attr181,attr182,attr183,attr184,attr185,attr186,attr187,attr188,attr189,attr190,attr191,attr192,attr193,attr194,attr195,attr196,attr197,attr198,attr199,target
-0.904109589041096,-0.904109589041096,-0.9178082191780823,-0.9589041095890412,-1.0136986301369864,-1.095890410958904,-1.1232876712328768,-1.1232876712328768,-1.1232876712328768,-1.1232876712328768,-1.1232876712328768,-1.1232876712328768,-1.1369863013698631,-1.1369863013698631,-1.1369863013698631,-1.1369863013698631,-1.1369863013698631,-1.1369863013698631,-1.1369863013698631,-1.095890410958904,-1.095890410958904,-1.0273972602739727,-0.9178082191780823,-0.6849315068493151,-0.4383561643835616,-0.34246575342465757,-0.027397260273972712,0.13698630136986267,0.26027397260273943,0.28767123287671215,0.3013698630136985,0.26027397260273943,-0.20547945205479468,-0.3561643835616439,-0.49315068493150704,-0.7808219178082192,-0.9178082191780823,-1.1917808219178083,-1.4794520547945207,-1.7397260273972603,-1.821917808219178,-1.9452054794520548,-1.9726027397260273,-2.0,-2.0,-1.8767123287671232,-1.7671232876712328,-1.4931506849315068,-1.2876712328767124,-0.9178082191780823,-0.726027397260274,-0.41095890410958913,-0.3013698630136987,-0.2191780821917808,-0.15068493150684947,-0.15068493150684947,-0.3150684931506851,-0.38356164383561664,-0.41095890410958913,-0.4246575342465755,-0.4246575342465755,-0.41095890410958913,-0.3561643835616439,-0.28767123287671237,-0.16438356164383583,-0.09589041095890427,-0.06849315068493156,-0.054794520547945424,-0.054794520547945424,-0.054794520547945424,-0.054794520547945424,-0.054794520547945424,-0.054794520547945424,-0.054794520547945424,-0.054794520547945424,0.13698630136986267,0.24657534246575352,0.506849315068493,0.547945205479452,0.5616438356164384,0.547945205479452,0.5205479452054793,0.4931506849315066,0.47945205479452024,0.47945205479452024,0.506849315068493,0.6164383561643834,0.7534246575342465,0.8219178082191778,0.8356164383561642,0.8356164383561642,0.8356164383561642,0.8219178082191778,0.7945205479452051,0.7945205479452051,0.7945205479452051,0.7945205479452051,0.8219178082191778,0.8630136986301369,0.9863013698630136,1.0273972602739723,1.054794520547945,1.0684931506849313,1.095890410958904,1.1369863013698627,1.2191780821917808,1.246575342465753,1.3287671232876712,1.3835616438356162,1.602739726027397,1.7397260273972601,2.0,2.0,2.0,2.0,2.0,2.0,2.0,2.0,2.0,2.0,2.0,2.0,2.0,2.0,2.0,2.0,2.0,2.0,2.0,2.0,2.0,2.0,2.0,2.0,2.0,2.0,2.0,2.0,2.0,2.0,2.0,2.0,2.0,2.0,2.0,2.0,2.0,2.0,2.0,2.0,2.0,2.0,2.0,2.0,2.0,2.0,2.0,2.0,2.0,2.0,2.0,2.0,2.0,2.0,2.0,2.0,2.0,2.0,2.0,2.0,2.0,2.0,2.0,2.0,2.0,2.0,2.0,2.0,2.0,2.0,2.0,2.0,2.0,2.0,2.0,2.0,2.0,2.0,2.0,2.0,2.0,2.0,2.0,2.0,2.0,2.0,2.0,2.0,2.0,2.0
-0.904109589041096,-0.904109589041096,-0.9178082191780823,-0.9589041095890412,-1.0136986301369864,-1.095890410958904,-1.1232876712328768,-1.1232876712328768,-1.1232876712328768,-1.1232876712328768,-1.1232876712328768,-1.1232876712328768,-1.1369863013698631,-1.1369863013698631,-1.1369863013698631,-1.1369863013698631,-1.1369863013698631,-1.1369863013698631,-1.1369863013698631,-1.095890410958904,-1.095890410958904,-1.0273972602739727,-0.9178082191780823,-0.6849315068493151,-0.4383561643835616,-0.34246575342465757,-0.027397260273972712,0.13698630136986267,0.26027397260273943,0.28767123287671215,0.3013698630136985,0.26027397260273943,-0.20547945205479468,-0.3561643835616439,-0.49315068493150704,-0.7808219178082192,-0.9178082191780823,-1.1917808219178083,-1.4794520547945207,-1.7397260273972603,-1.821917808219178,-1.9452054794520548,-1.9726027397260273,-2.0,-2.0,-1.8767123287671232,-1.7671232876712328,-1.4931506849315068,-1.2876712328767124,-0.9178082191780823,-0.726027397260274,-0.41095890410958913,-0.3013698630136987,-0.2191780821917808,-0.15068493150684947,-0.15068493150684947,-0.3150684931506851,-0.38356164383561664,-0.41095890410958913,-0.4246575342465755,-0.4246575342465755,-0.41095890410958913,-0.3561643835616439,-0.28767123287671237,-0.16438356164383583,-0.09589041095890427,-0.06849315068493156,-0.054794520547945424,-0.054794520547945424,-0.054794520547945424,-0.054794520547945424,-0.054794520547945424,-0.054794520547945424,-0.054794520547945424,-0.054794520547945424,0.13698630136986267,0.24657534246575352,0.506849315068493,0.547945205479452,0.5616438356164384,0.547945205479452,0.5205479452054793,0.4931506849315066,0.47945205479452024,0.47945205479452024,0.506849315068493,0.6164383561643834,0.7534246575342465,0.8219178082191778,0.8356164383561642,0.8356164383561642,0.8356164383561642,0.8219178082191778,0.7945205479452051,0.7945205479452051,0.7945205479452051,0.7945205479452051,0.8219178082191778,0.8630136986301369,0.9863013698630136,1.0273972602739723,1.054794520547945,1.0684931506849313,1.095890410958904,1.1369863013698627,1.2191780821917808,1.246575342465753,1.3287671232876712,1.3835616438356162,1.602739726027397,1.7397260273972601,2.0,2.0,2.0,2.0,2.0,2.0,2.0,2.0,2.0,2.0,2.0,2.0,2.0,2.0,2.0,2.0,2.0,2.0,2.0,2.0,2.0,2.0,2.0,2.0,2.0,2.0,2.0,2.0,2.0,2.0,2.0,2.0,2.0,2.0,2.0,2.0,2.0,2.0,2.0,2.0,2.0,2.0,2.0,2.0,2.0,2.0,2.0,2.0,2.0,2.0,2.0,2.0,2.0,2.0,2.0,2.0,2.0,2.0,2.0,2.0,2.0,2.0,2.0,2.0,2.0,2.0,2.0,2.0,2.0,2.0,2.0,2.0,2.0,2.0,2.0,2.0,2.0,2.0,2.0,2.0,2.0,2.0,2.0,2.0,2.0,2.0,2.0,2.0,2.0,2.0
-0.9726027397260275,-0.9726027397260275,-0.9863013698630136,-1.0273972602739727,-1.082191780821918,-1.1643835616438356,-1.1917808219178083,-1.1917808219178083,-1.1917808219178083,-1.1917808219178083,-1.1917808219178083,-1.1917808219178083,-1.2054794520547945,-1.2054794520547945,-1.2054794520547945,-1.2054794520547945,-1.2054794520547945,-1.2054794520547945,-1.2054794520547945,-1.1643835616438356,-1.1643835616438356,-1.095890410958904,-0.9863013698630136,-0.7534246575342467,-0.5068493150684932,-0.41095890410958913,-0.09589041095890427,0.06849315068493134,0.1917808219178081,0.2191780821917808,0.23287671232876717,0.1917808219178081,-0.27397260273972623,-0.4246575342465755,-0.5616438356164384,-0.8493150684931507,-0.9863013698630136,-1.2602739726027399,-1.547945205479452,-1.808219178082192,-1.8904109589041096,-2.0,-2.0,-2.0,-2.0,-1.9452054794520548,-1.8356164383561644,-1.5616438356164384,-1.356164383561644,-0.9863013698630136,-0.7945205479452055,-0.4794520547945207,-0.3698630136986303,-0.28767123287671237,-0.2191780821917808,-0.2191780821917808,-0.38356164383561664,-0.452054794520548,-0.4794520547945207,-0.49315068493150704,-0.49315068493150704,-0.4794520547945207,-0.4246575342465755,-0.3561643835616439,-0.23287671232876717,-0.16438356164383583,-0.13698630136986312,-0.12328767123287676,-0.12328767123287676,-0.12328767123287676,-0.12328767123287676,-0.12328767123287676,-0.12328767123287676,-0.12328767123287676,-0.12328767123287676,0.06849315068493134,0.17808219178082174,0.4383561643835616,0.47945205479452024,0.4931506849315066,0.47945205479452024,0.452054794520548,0.42465753424657526,0.4109589041095889,0.4109589041095889,0.4383561643835616,0.547945205479452,0.6849315068493151,0.7534246575342465,0.7671232876712328,0.7671232876712328,0.7671232876712328,0.7534246575342465,0.7260273972602738,0.7260273972602738,0.7260273972602738,0.7260273972602738,0.7534246575342465,0.7945205479452051,0.9178082191780819,0.9589041095890409,0.9863013698630136,1.0,1.0273972602739723,1.0684931506849313,1.150684931506849,1.1780821917808217,1.2602739726027394,1.3150684931506849,1.5342465753424657,1.6712328767123283,1.9315068493150682,1.9315068493150682,1.9315068493150682,1.9315068493150682,1.9315068493150682,1.9315068493150682,1.9315068493150682,1.9315068493150682,1.9315068493150682,1.9315068493150682,1.9315068493150682,1.9315068493150682,1.9315068493150682,1.9315068493150682,1.9315068493150682,1.9315068493150682,1.9315068493150682,1.9315068493150682,1.9315068493150682,1.9315068493150682,1.9315068493150682,1.9315068493150682,1.9315068493150682,1.9315068493150682,1.9315068493150682,1.9315068493150682,1.9315068493150682,1.9315068493150682,1.9315068493150682,1.9315068493150682,1.9315068493150682,1.9315068493150682,1.9315068493150682,1.9315068493150682,1.9315068493150682,1.9315068493150682,1.9315068493150682,1.9315068493150682,1.9315068493150682,1.9315068493150682,1.9315068493150682,1.9315068493150682,1.9315068493150682,1.9315068493150682,1.9315068493150682,1.9315068493150682,1.9315068493150682,1.9315068493150682,1.9315068493150682,1.9315068493150682,1.9315068493150682,1.9315068493150682,1.9315068493150682,1.9315068493150682,1.9315068493150682,1.9315068493150682,1.9315068493150682,1.9315068493150682,1.9315068493150682,1.9315068493150682,1.9315068493150682,1.9315068493150682,1.9315068493150682,1.9315068493150682,1.9315068493150682,1.9315068493150682,1.9315068493150682,1.9315068493150682,1.9315068493150682,1.9315068493150682,1.9315068493150682,1.9315068493150682,1.9315068493150682,1.9315068493150682,1.9315068493150682,1.9315068493150682,1.9315068493150682,1.9315068493150682,1.9315068493150682,1.9315068493150682,1.9315068493150682,1.9315068493150682,1.9315068493150682,1.9315068493150682,1.9315068493150682,1.9315068493150682,1.9315068493150682,1.9315068493150682,1.9315068493150682,2.0
-1.041095890410959,-1.041095890410959,-1.0547945205479452,-1.095890410958904,-1.1506849315068495,-1.2328767123287672,-1.2602739726027399,-1.2602739726027399,-1.2602739726027399,-1.2602739726027399,-1.2602739726027399,-1.2602739726027399,-1.273972602739726,-1.273972602739726,-1.273972602739726,-1.273972602739726,-1.273972602739726,-1.273972602739726,-1.273972602739726,-1.2328767123287672,-1.2328767123287672,-1.1643835616438356,-1.0547945205479452,-0.8219178082191783,-0.5753424657534247,-0.4794520547945207,-0.16438356164383583,0.0,0.12328767123287676,0.15068493150684903,0.16438356164383539,0.12328767123287676,-0.34246575342465757,-0.49315068493150704,-0.6301369863013699,-0.9178082191780823,-1.0547945205479452,-1.3287671232876712,-1.6164383561643836,-1.8767123287671232,-1.9589041095890412,-2.0,-2.0,-2.0,-2.0,-2.0,-1.904109589041096,-1.63013698630137,-1.4246575342465753,-1.0547945205479452,-0.8630136986301371,-0.547945205479452,-0.4383561643835616,-0.3561643835616439,-0.28767123287671237,-0.28767123287671237,-0.452054794520548,-0.5205479452054795,-0.547945205479452,-0.5616438356164384,-0.5616438356164384,-0.547945205479452,-0.49315068493150704,-0.4246575342465755,-0.3013698630136987,-0.23287671232876717,-0.20547945205479468,-0.19178082191780832,-0.19178082191780832,-0.19178082191780832,-0.19178082191780832,-0.19178082191780832,-0.19178082191780832,-0.19178082191780832,-0.19178082191780832,0.0,0.1095890410958904,0.36986301369862984,0.4109589041095889,0.42465753424657526,0.4109589041095889,0.3835616438356162,0.3561643835616435,0.34246575342465757,0.34246575342465757,0.36986301369862984,0.47945205479452024,0.6164383561643834,0.6849315068493151,0.698630136986301,0.698630136986301,0.698630136986301,0.6849315068493151,0.6575342465753424,0.6575342465753424,0.6575342465753424,0.6575342465753424,0.6849315068493151,0.7260273972602738,0.8493150684931505,0.8904109589041096,0.9178082191780819,0.9315068493150682,0.9589041095890409,1.0,1.0821917808219177,1.1095890410958904,1.191780821917808,1.246575342465753,1.4657534246575339,1.602739726027397,1.8630136986301369,1.8630136986301369,1.8630136986301369,1.8630136986301369,1.8630136986301369,1.8630136986301369,1.8630136986301369,1.8630136986301369,1.8630136986301369,1.8630136986301369,1.8630136986301369,1.8630136986301369,1.8630136986301369,1.8630136986301369,1.8630136986301369,1.8630136986301369,1.8630136986301369,1.8630136986301369,1.8630136986301369,1.8630136986301369,1.8630136986301369,1.8630136986301369,1.8630136986301369,1.8630136986301369,1.8630136986301369,1.8630136986301369,1.8630136986301369,1.8630136986301369,1.8630136986301369,1.8630136986301369,1.8630136986301369,1.8630136986301369,1.8630136986301369,1.8630136986301369,1.8630136986301369,1.8630136986301369,1.8630136986301369,1.8630136986301369,1.8630136986301369,1.8630136986301369,1.8630136986301369,1.8630136986301369,1.8630136986301369,1.8630136986301369,1.8630136986301369,1.8630136986301369,1.8630136986301369,1.8630136986301369,1.8630136986301369,1.8630136986301369,1.8630136986301369,1.8630136986301369,1.8630136986301369,1.8630136986301369,1.8630136986301369,1.8630136986301369,1.8630136986301369,1.8630136986301369,1.8630136986301369,1.8630136986301369,1.8630136986301369,1.8630136986301369,1.8630136986301369,1.8630136986301369,1.8630136986301369,1.8630136986301369,1.8630136986301369,1.8630136986301369,1.8630136986301369,1.8630136986301369,1.8630136986301369,1.8630136986301369,1.8630136986301369,1.8630136986301369,1.8630136986301369,1.8630136986301369,1.8630136986301369,1.8630136986301369,1.8630136986301369,1.8630136986301369,1.8630136986301369,1.8630136986301369,1.8630136986301369,1.8630136986301369,1.8630136986301369,1.8630136986301369,1.8630136986301369,1.8630136986301369,1.8630136986301369,2.0
-1.1712473572938689,-1.1627906976744184,-1.1627906976744184,-1.1712473572938689,-1.20507399577167,-1.2727272727272727,-1.3403805496828753,-1.3657505285412261,-1.3995771670190273,-1.4164904862579282,-1.4249471458773784,-1.4249471458773784,-1.441860465116279,-1.4503171247357294,-1.46723044397463,-1.4756871035940802,-1.4756871035940802,-1.4756871035940802,-1.4756871035940802,-1.46723044397463,-1.4080338266384778,-1.2980972515856237,-1.1627906976744184,-1.0697674418604652,-0.8752642706131077,-0.7653276955602537,-0.562367864693446,-0.36786469344608874,-0.3002114164904861,-0.2325581395348837,-0.22410147991543328,-0.2917547568710359,-0.41014799154334036,-0.4862579281183932,-0.5792811839323466,-0.7737843551797039,-0.8921775898520083,-1.2389006342494713,-1.441860465116279,-1.6363636363636362,-1.8139534883720931,-1.890063424947146,-1.9830866807610994,-2.0,-1.9323467230443974,-1.72938689217759,-1.5602536997885834,-1.3403805496828753,-0.9767441860465116,-0.7315010570824523,-0.6469344608879493,-0.5200845665961944,-0.4862579281183932,-0.4778012684989428,-0.5200845665961944,-0.536997885835095,-0.562367864693446,-0.5708245243128964,-0.5708245243128964,-0.5708245243128964,-0.5708245243128964,-0.4862579281183932,-0.41860465116279055,-0.3086680761099365,-0.2663847780126849,-0.2494714587737843,-0.2325581395348837,-0.24101479915433388,-0.2832980972515855,-0.2917547568710359,-0.3002114164904861,-0.3002114164904861,-0.3002114164904861,-0.2325581395348837,-0.15644820295983086,0.10570824524312927,0.19027484143763207,0.22410147991543328,0.19873150105708248,0.13953488372093048,0.12262156448202965,0.10570824524312927,0.10570824524312927,0.10570824524312927,0.13107822410148007,0.1733615221987317,0.30021141649048655,0.39323467230443976,0.418604651162791,0.418604651162791,0.42706131078224097,0.39323467230443976,0.35940803382663855,0.35095137420718814,0.35095137420718814,0.3763213530655394,0.4355179704016914,0.5031712473572938,0.5200845665961946,0.5369978858350954,0.5369978858350954,0.5369978858350954,0.5200845665961946,0.4862579281183934,0.4693446088794926,0.4693446088794926,0.4693446088794926,0.4693446088794926,0.5031712473572938,0.5031712473572938,0.5031712473572938,0.5369978858350954,0.587737843551797,0.6638477801268499,0.6976744186046511,0.8076109936575055,1.0782241014799157,1.19661733615222,1.4503171247357294,1.5517970401691334,1.763213530655391,1.9069767441860468,1.9746300211416492,2.0,2.0,2.0,2.0,2.0,2.0,2.0,2.0,2.0,2.0,2.0,2.0,2.0,2.0,2.0,2.0,2.0,2.0,2.0,2.0,2.0,2.0,2.0,2.0,2.0,2.0,2.0,2.0,2.0,2.0,2.0,2.0,2.0,2.0,2.0,2.0,2.0,2.0,2.0,2.0,2.0,2.0,2.0,2.0,2.0,2.0,2.0,2.0,2.0,2.0,2.0,2.0,2.0,2.0,2.0,2.0,2.0,2.0,2.0,2.0,2.0,2.0,2.0,2.0,2.0,2.0,2.0,2.0,2.0,2.0,2.0,2.0,2.0,2.0,2.0,2.0,2.0,2.0
-1.1712473572938689,-1.1627906976744184,-1.1627906976744184,-1.1712473572938689,-1.20507399577167,-1.2727272727272727,-1.3403805496828753,-1.3657505285412261,-1.3995771670190273,-1.4164904862579282,-1.4249471458773784,-1.4249471458773784,-1.441860465116279,-1.4503171247357294,-1.46723044397463,-1.4756871035940802,-1.4756871035940802,-1.4756871035940802,-1.4756871035940802,-1.46723044397463,-1.4080338266384778,-1.2980972515856237,-1.1627906976744184,-1.0697674418604652,-0.8752642706131077,-0.7653276955602537,-0.562367864693446,-0.36786469344608874,-0.3002114164904861,-0.2325581395348837,-0.22410147991543328,-0.2917547568710359,-0.41014799154334036,-0.4862579281183932,-0.5792811839323466,-0.7737843551797039,-0.8921775898520083,-1.2389006342494713,-1.441860465116279,-1.6363636363636362,-1.8139534883720931,-1.890063424947146,-1.9830866807610994,-2.0,-1.9323467230443974,-1.72938689217759,-1.5602536997885834,-1.3403805496828753,-0.9767441860465116,-0.7315010570824523,-0.6469344608879493,-0.5200845665961944,-0.4862579281183932,-0.4778012684989428,-0.5200845665961944,-0.536997885835095,-0.562367864693446,-0.5708245243128964,-0.5708245243128964,-0.5708245243128964,-0.5708245243128964,-0.4862579281183932,-0.41860465116279055,-0.3086680761099365,-0.2663847780126849,-0.2494714587737843,-0.2325581395348837,-0.24101479915433388,-0.2832980972515855,-0.2917547568710359,-0.3002114164904861,-0.3002114164904861,-0.3002114164904861,-0.2325581395348837,-0.15644820295983086,0.10570824524312927,0.19027484143763207,0.22410147991543328,0.19873150105708248,0.13953488372093048,0.12262156448202965,0.10570824524312927,0.10570824524312927,0.10570824524312927,0.13107822410148007,0.1733615221987317,0.30021141649048655,0.39323467230443976,0.418604651162791,0.418604651162791,0.42706131078224097,0.39323467230443976,0.35940803382663855,0.35095137420718814,0.35095137420718814,0.3763213530655394,0.4355179704016914,0.5031712473572938,0.5200845665961946,0.5369978858350954,0.5369978858350954,0.5369978858350954,0.5200845665961946,0.4862579281183934,0.4693446088794926,0.4693446088794926,0.4693446088794926,0.4693446088794926,0.5031712473572938,0.5031712473572938,0.5031712473572938,0.5369978858350954,0.587737843551797,0.6638477801268499,0.6976744186046511,0.8076109936575055,1.0782241014799157,1.19661733615222,1.4503171247357294,1.5517970401691334,1.763213530655391,1.9069767441860468,1.9746300211416492,2.0,2.0,2.0,2.0,2.0,2.0,2.0,2.0,2.0,2.0,2.0,2.0,2.0,2.0,2.0,2.0,2.0,2.0,2.0,2.0,2.0,2.0,2.0,2.0,2.0,2.0,2.0,2.0,2.0,2.0,2.0,2.0,2.0,2.0,2.0,2.0,2.0,2.0,2.0,2.0,2.0,2.0,2.0,2.0,2.0,2.0,2.0,2.0,2.0,2.0,2.0,2.0,2.0,2.0,2.0,2.0,2.0,2.0,2.0,2.0,2.0,2.0,2.0,2.0,2.0,2.0,2.0,2.0,2.0,2.0,2.0,2.0,2.0,2.0,2.0,2.0,2.0,2.0
-1.2135306553911205,-1.20507399577167,-1.20507399577167,-1.2135306553911205,-1.2473572938689217,-1.3150105708245243,-1.382663847780127,-1.4080338266384778,-1.441860465116279,-1.4587737843551798,-1.46723044397463,-1.46723044397463,-1.4841437632135306,-1.492600422832981,-1.5095137420718816,-1.5179704016913318,-1.5179704016913318,-1.5179704016913318,-1.5179704016913318,-1.5095137420718816,-1.4503171247357294,-1.3403805496828753,-1.20507399577167,-1.1120507399577166,-0.9175475687103594,-0.8076109936575053,-0.6046511627906976,-0.41014799154334036,-0.3424947145877377,-0.2748414376321353,-0.2663847780126849,-0.33403805496828753,-0.452431289640592,-0.5285412262156448,-0.6215644820295982,-0.8160676532769555,-0.93446088794926,-1.281183932346723,-1.4841437632135306,-1.6786469344608879,-1.8562367864693445,-1.9323467230443974,-2.0,-2.0,-1.974630021141649,-1.7716701902748415,-1.602536997885835,-1.382663847780127,-1.0190274841437632,-0.7737843551797039,-0.6892177589852009,-0.562367864693446,-0.5285412262156448,-0.5200845665961944,-0.562367864693446,-0.5792811839323466,-0.6046511627906976,-0.6131078224101478,-0.6131078224101478,-0.6131078224101478,-0.6131078224101478,-0.5285412262156448,-0.4608879492600422,-0.35095137420718814,-0.3086680761099365,-0.2917547568710359,-0.2748414376321353,-0.2832980972515855,-0.3255813953488371,-0.33403805496828753,-0.3424947145877377,-0.3424947145877377,-0.3424947145877377,-0.2748414376321353,-0.19873150105708248,0.06342494714587765,0.14799154334038045,0.1818181818181821,0.15644820295983086,0.09725158562367886,0.08033826638477803,0.06342494714587765,0.06342494714587765,0.06342494714587765,0.08879492600422845,0.13107822410148007,0.25792811839323493,0.35095137420718814,0.3763213530655394,0.3763213530655394,0.38477801268498935,0.35095137420718814,0.31712473572938693,0.3086680761099365,0.3086680761099365,0.33403805496828776,0.39323467230443976,0.4608879492600422,0.477801268498943,0.4947145877378438,0.4947145877378438,0.4947145877378438,0.477801268498943,0.4439746300211418,0.42706131078224097,0.42706131078224097,0.42706131078224097,0.42706131078224097,0.4608879492600422,0.4608879492600422,0.4608879492600422,0.4947145877378438,0.5454545454545454,0.6215644820295982,0.6553911205073999,0.7653276955602539,1.035940803382664,1.1543340380549685,1.4080338266384778,1.5095137420718818,1.7209302325581395,1.8646934460887952,1.9323467230443976,1.9577167019027484,1.9577167019027484,1.9577167019027484,1.9577167019027484,1.9577167019027484,1.9577167019027484,1.9577167019027484,1.9577167019027484,1.9577167019027484,1.9577167019027484,1.9577167019027484,1.9577167019027484,1.9577167019027484,1.9577167019027484,1.9577167019027484,1.9577167019027484,1.9577167019027484,1.9577167019027484,1.9577167019027484,1.9577167019027484,1.9577167019027484,1.9577167019027484,1.9577167019027484,1.9577167019027484,1.9577167019027484,1.9577167019027484,1.9577167019027484,1.9577167019027484,1.9577167019027484,1.9577167019027484,1.9577167019027484,1.9577167019027484,1.9577167019027484,1.9577167019027484,1.9577167019027484,1.9577167019027484,1.9577167019027484,1.9577167019027484,1.9577167019027484,1.9577167019027484,1.9577167019027484,1.9577167019027484,1.9577167019027484,1.9577167019027484,1.9577167019027484,1.9577167019027484,1.9577167019027484,1.9577167019027484,1.9577167019027484,1.9577167019027484,1.9577167019027484,1.9577167019027484,1.9577167019027484,1.9577167019027484,1.9577167019027484,1.9577167019027484,1.9577167019027484,1.9577167019027484,1.9577167019027484,1.9577167019027484,1.9577167019027484,1.9577167019027484,1.9577167019027484,1.9577167019027484,1.9577167019027484,1.9577167019027484,1.9577167019027484,1.9577167019027484,1.9577167019027484,1.9577167019027484,1.9577167019027484,1.9577167019027484,1.9577167019027484,1.9577167019027484,1.9577167019027484,1.9577167019027484,1.9577167019027484,2.0
-1.255813953488372,-1.2473572938689217,-1.2473572938689217,-1.255813953488372,-1.2896405919661733,-1.3572938689217757,-1.4249471458773784,-1.4503171247357294,-1.4841437632135306,-1.5010570824524312,-1.5095137420718816,-1.5095137420718816,-1.5264270613107822,-1.5348837209302326,-1.5517970401691332,-1.5602536997885834,-1.5602536997885834,-1.5602536997885834,-1.5602536997885834,-1.5517970401691332,-1.492600422832981,-1.382663847780127,-1.2473572938689217,-1.1543340380549683,-0.959830866807611,-0.8498942917547567,-0.6469344608879493,-0.452431289640592,-0.38477801268498935,-0.31712473572938693,-0.3086680761099365,-0.37632135306553893,-0.4947145877378434,-0.5708245243128964,-0.6638477801268499,-0.8583509513742071,-0.9767441860465116,-1.3234672304439745,-1.5264270613107822,-1.7209302325581395,-1.8985200845665962,-1.974630021141649,-2.0,-2.0,-2.0,-1.8139534883720931,-1.6448202959830867,-1.4249471458773784,-1.0613107822410148,-0.8160676532769555,-0.7315010570824523,-0.6046511627906976,-0.5708245243128964,-0.562367864693446,-0.6046511627906976,-0.6215644820295982,-0.6469344608879493,-0.6553911205073994,-0.6553911205073994,-0.6553911205073994,-0.6553911205073994,-0.5708245243128964,-0.5031712473572938,-0.39323467230443976,-0.35095137420718814,-0.33403805496828753,-0.31712473572938693,-0.3255813953488371,-0.36786469344608874,-0.37632135306553893,-0.38477801268498935,-0.38477801268498935,-0.38477801268498935,-0.31712473572938693,-0.24101479915433388,0.021141649048626032,0.10570824524312927,0.13953488372093048,0.11416490486257924,0.05496828752642724,0.038054968287526414,0.021141649048626032,0.021141649048626032,0.021141649048626032,0.04651162790697683,0.08879492600422845,0.2156448202959833,0.3086680761099365,0.33403805496828776,0.33403805496828776,0.3424947145877377,0.3086680761099365,0.2748414376321353,0.2663847780126849,0.2663847780126849,0.29175475687103614,0.35095137420718814,0.418604651162791,0.4355179704016914,0.4524312896405922,0.4524312896405922,0.4524312896405922,0.4355179704016914,0.40169133192389017,0.38477801268498935,0.38477801268498935,0.38477801268498935,0.38477801268498935,0.418604651162791,0.418604651162791,0.418604651162791,0.4524312896405922,0.5031712473572938,0.5792811839323466,0.6131078224101483,0.7230443974630023,0.9936575052854124,1.1120507399577169,1.3657505285412261,1.4672304439746302,1.6786469344608883,1.8224101479915435,1.890063424947146,1.9154334038054972,1.9154334038054972,1.9154334038054972,1.9154334038054972,1.9154334038054972,1.9154334038054972,1.9154334038054972,1.9154334038054972,1.9154334038054972,1.9154334038054972,1.9154334038054972,1.9154334038054972,1.9154334038054972,1.9154334038054972,1.9154334038054972,1.9154334038054972,1.9154334038054972,1.9154334038054972,1.9154334038054972,1.9154334038054972,1.9154334038054972,1.9154334038054972,1.9154334038054972,1.9154334038054972,1.9154334038054972,1.9154334038054972,1.9154334038054972,1.9154334038054972,1.9154334038054972,1.9154334038054972,1.9154334038054972,1.9154334038054972,1.9154334038054972,1.9154334038054972,1.9154334038054972,1.9154334038054972,1.9154334038054972,1.9154334038054972,1.9154334038054972,1.9154334038054972,1.9154334038054972,1.9154334038054972,1.9154334038054972,1.9154334038054972,1.9154334038054972,1.9154334038054972,1.9154334038054972,1.9154334038054972,1.9154334038054972,1.9154334038054972,1.9154334038054972,1.9154334038054972,1.9154334038054972,1.9154334038054972,1.9154334038054972,1.9154334038054972,1.9154334038054972,1.9154334038054972,1.9154334038054972,1.9154334038054972,1.9154334038054972,1.9154334038054972,1.9154334038054972,1.9154334038054972,1.9154334038054972,1.9154334038054972,1.9154334038054972,1.9154334038054972,1.9154334038054972,1.9154334038054972,1.9154334038054972,1.9154334038054972,1.9154334038054972,1.9154334038054972,1.9154334038054972,1.9154334038054972,1.9154334038054972,2.0
-0.654627539503386,-0.654627539503386,-0.6726862302483072,-0.6817155756207676,-0.7539503386004516,-0.799097065462754,-0.8442437923250565,-0.8623024830699775,-0.8713318284424381,-0.8713318284424381,-0.8803611738148984,-0.8984198645598196,-0.9345372460496615,-0.9435665914221221,-0.961625282167043,-0.9706546275395034,-0.9706546275395034,-0.961625282167043,-0.9345372460496615,-0.9164785553047405,-0.8803611738148984,-0.8261851015801356,-0.7629796839729122,-0.7178329571106097,-0.6726862302483072,-0.5823927765237022,-0.4740406320541761,-0.38374717832957117,-0.3476297968397293,-0.28442437923250585,-0.27539503386004527,-0.3115124153498874,-0.3656884875846502,-0.5191873589164786,-0.6094808126410836,-0.6907449209932282,-0.8713318284424381,-1.0609480812641086,-1.304740406320542,-1.6388261851015802,-1.7381489841986455,-1.9367945823927766,-2.0,-1.945823927765237,-1.8013544018058691,-1.5846501128668171,-1.4672686230248306,-1.3408577878103838,-1.124153498871332,-0.961625282167043,-0.8984198645598196,-0.835214446952596,-0.835214446952596,-0.8442437923250565,-0.8623024830699775,-0.8623024830699775,-0.8442437923250565,-0.7358916478555306,-0.6004514672686232,-0.5462753950338601,-0.5191873589164786,-0.4920993227990973,-0.4740406320541761,-0.4740406320541761,-0.4920993227990973,-0.5011286681715577,-0.5011286681715577,-0.5011286681715577,-0.4469525959367948,-0.3656884875846502,-0.2663656884875847,-0.2212189616252822,-0.1941309255079009,-0.1941309255079009,-0.1941309255079009,-0.20316027088036126,-0.2212189616252822,-0.2212189616252822,-0.2212189616252822,-0.20316027088036126,-0.17607223476297973,-0.08577878103837477,-0.02257336343115135,-0.013544018058690988,-0.004514672686230403,0.004514672686230181,0.013544018058690543,0.013544018058690543,0.013544018058690543,0.03160270880361171,0.05869074492099324,0.07674943566591397,0.1038374717832955,0.1489841986455982,0.15801354401805856,0.15801354401805856,0.15801354401805856,0.15801354401805856,0.1399548532731374,0.09480812641083514,0.09480812641083514,0.09480812641083514,0.09480812641083514,0.09480812641083514,0.1399548532731374,0.15801354401805856,0.20316027088036082,0.21218961625282162,0.21218961625282162,0.22121896162528198,0.2844243792325054,0.33860045146726847,0.5011286681715572,0.5011286681715572,0.7178329571106095,0.9616252821670428,1.09706546275395,1.2234762979683969,1.4943566591422117,1.8465011286681712,1.9187358916478554,2.0,2.0,2.0,2.0,2.0,2.0,2.0,2.0,2.0,2.0,2.0,2.0,2.0,2.0,2.0,2.0,2.0,2.0,2.0,2.0,2.0,2.0,2.0,2.0,2.0,2.0,2.0,2.0,2.0,2.0,2.0,2.0,2.0,2.0,2.0,2.0,2.0,2.0,2.0,2.0,2.0,2.0,2.0,2.0,2.0,2.0,2.0,2.0,2.0,2.0,2.0,2.0,2.0,2.0,2.0,2.0,2.0,2.0,2.0,2.0,2.0,2.0,2.0,2.0,2.0,2.0,2.0,2.0,2.0,2.0,2.0,2.0,2.0,2.0,2.0,2.0,2.0,2.0,2.0,2.0
-0.654627539503386,-0.654627539503386,-0.6726862302483072,-0.6817155756207676,-0.7539503386004516,-0.799097065462754,-0.8442437923250565,-0.8623024830699775,-0.8713318284424381,-0.8713318284424381,-0.8803611738148984,-0.8984198645598196,-0.9345372460496615,-0.9435665914221221,-0.961625282167043,-0.9706546275395034,-0.9706546275395034,-0.961625282167043,-0.9345372460496615,-0.9164785553047405,-0.8803611738148984,-0.8261851015801356,-0.7629796839729122,-0.7178329571106097,-0.6726862302483072,-0.5823927765237022,-0.4740406320541761,-0.38374717832957117,-0.3476297968397293,-0.28442437923250585,-0.27539503386004527,-0.3115124153498874,-0.3656884875846502,-0.5191873589164786,-0.6094808126410836,-0.6907449209932282,-0.8713318284424381,-1.0609480812641086,-1.304740406320542,-1.6388261851015802,-1.7381489841986455,-1.9367945823927766,-2.0,-1.945823927765237,-1.8013544018058691,-1.5846501128668171,-1.4672686230248306,-1.3408577878103838,-1.124153498871332,-0.961625282167043,-0.8984198645598196,-0.835214446952596,-0.835214446952596,-0.8442437923250565,-0.8623024830699775,-0.8623024830699775,-0.8442437923250565,-0.7358916478555306,-0.6004514672686232,-0.5462753950338601,-0.5191873589164786,-0.4920993227990973,-0.4740406320541761,-0.4740406320541761,-0.4920993227990973,-0.5011286681715577,-0.5011286681715577,-0.5011286681715577,-0.4469525959367948,-0.3656884875846502,-0.2663656884875847,-0.2212189616252822,-0.1941309255079009,-0.1941309255079009,-0.1941309255079009,-0.20316027088036126,-0.2212189616252822,-0.2212189616252822,-0.2212189616252822,-0.20316027088036126,-0.17607223476297973,-0.08577878103837477,-0.02257336343115135,-0.013544018058690988,-0.004514672686230403,0.004514672686230181,0.013544018058690543,0.013544018058690543,0.013544018058690543,0.03160270880361171,0.05869074492099324,0.07674943566591397,0.1038374717832955,0.1489841986455982,0.15801354401805856,0.15801354401805856,0.15801354401805856,0.15801354401805856,0.1399548532731374,0.09480812641083514,0.09480812641083514,0.09480812641083514,0.09480812641083514,0.09480812641083514,0.1399548532731374,0.15801354401805856,0.20316027088036082,0.21218961625282162,0.21218961625282162,0.22121896162528198,0.2844243792325054,0.33860045146726847,0.5011286681715572,0.5011286681715572,0.7178329571106095,0.9616252821670428,1.09706546275395,1.2234762979683969,1.4943566591422117,1.8465011286681712,1.9187358916478554,2.0,2.0,2.0,2.0,2.0,2.0,2.0,2.0,2.0,2.0,2.0,2.0,2.0,2.0,2.0,2.0,2.0,2.0,2.0,2.0,2.0,2.0,2.0,2.0,2.0,2.0,2.0,2.0,2.0,2.0,2.0,2.0,2.0,2.0,2.0,2.0,2.0,2.0,2.0,2.0,2.0,2.0,2.0,2.0,2.0,2.0,2.0,2.0,2.0,2.0,2.0,2.0,2.0,2.0,2.0,2.0,2.0,2.0,2.0,2.0,2.0,2.0,2.0,2.0,2.0,2.0,2.0,2.0,2.0,2.0,2.0,2.0,2.0,2.0,2.0,2.0,2.0,2.0,2.0,2.0
-0.6997742663656885,-0.6997742663656885,-0.7178329571106097,-0.72686230248307,-0.799097065462754,-0.8442437923250565,-0.889390519187359,-0.90744920993228,-0.9164785553047405,-0.9164785553047405,-0.9255079006772009,-0.9435665914221221,-0.979683972911964,-0.9887133182844245,-1.0067720090293455,-1.0158013544018059,-1.0158013544018059,-1.0067720090293455,-0.979683972911964,-0.961625282167043,-0.9255079006772009,-0.8713318284424381,-0.8081264108352146,-0.7629796839729122,-0.7178329571106097,-0.6275395033860047,-0.5191873589164786,-0.42889390519187365,-0.39277652370203175,-0.32957110609480833,-0.32054176072234775,-0.35665914221218986,-0.4108352144469527,-0.5643340857787811,-0.654627539503386,-0.7358916478555306,-0.9164785553047405,-1.1060948081264108,-1.3498871331828441,-1.6839729119638827,-1.7832957110609482,-1.981941309255079,-2.0,-1.9909706546275394,-1.8465011286681716,-1.6297968397291196,-1.5124153498871333,-1.3860045146726863,-1.1693002257336342,-1.0067720090293455,-0.9435665914221221,-0.8803611738148984,-0.8803611738148984,-0.889390519187359,-0.90744920993228,-0.90744920993228,-0.889390519187359,-0.7810383747178331,-0.6455981941309257,-0.5914221218961626,-0.5643340857787811,-0.5372460496613998,-0.5191873589164786,-0.5191873589164786,-0.5372460496613998,-0.5462753950338601,-0.5462753950338601,-0.5462753950338601,-0.4920993227990973,-0.4108352144469527,-0.3115124153498874,-0.2663656884875847,-0.23927765237020338,-0.23927765237020338,-0.23927765237020338,-0.24830699774266374,-0.2663656884875847,-0.2663656884875847,-0.2663656884875847,-0.24830699774266374,-0.2212189616252822,-0.13092550790067725,-0.06772009029345383,-0.058690744920993465,-0.04966139954853288,-0.040632054176072296,-0.031602708803611934,-0.031602708803611934,-0.031602708803611934,-0.013544018058690988,0.013544018058690543,0.03160270880361171,0.05869074492099324,0.1038374717832955,0.11286681715575586,0.11286681715575586,0.11286681715575586,0.11286681715575586,0.09480812641083514,0.04966139954853244,0.04966139954853244,0.04966139954853244,0.04966139954853244,0.04966139954853244,0.09480812641083514,0.11286681715575586,0.15801354401805856,0.16704288939051892,0.16704288939051892,0.17607223476297928,0.23927765237020315,0.29345372460496577,0.45598194130925496,0.45598194130925496,0.6726862302483068,0.9164785553047401,1.0519187358916477,1.1783295711060946,1.4492099322799095,1.801354401805869,1.8735891647855527,1.9548532731376973,1.9548532731376973,1.9548532731376973,1.9548532731376973,1.9548532731376973,1.9548532731376973,1.9548532731376973,1.9548532731376973,1.9548532731376973,1.9548532731376973,1.9548532731376973,1.9548532731376973,1.9548532731376973,1.9548532731376973,1.9548532731376973,1.9548532731376973,1.9548532731376973,1.9548532731376973,1.9548532731376973,1.9548532731376973,1.9548532731376973,1.9548532731376973,1.9548532731376973,1.9548532731376973,1.9548532731376973,1.9548532731376973,1.9548532731376973,1.9548532731376973,1.9548532731376973,1.9548532731376973,1.9548532731376973,1.9548532731376973,1.9548532731376973,1.9548532731376973,1.9548532731376973,1.9548532731376973,1.9548532731376973,1.9548532731376973,1.9548532731376973,1.9548532731376973,1.9548532731376973,1.9548532731376973,1.9548532731376973,1.9548532731376973,1.9548532731376973,1.9548532731376973,1.9548532731376973,1.9548532731376973,1.9548532731376973,1.9548532731376973,1.9548532731376973,1.9548532731376973,1.9548532731376973,1.9548532731376973,1.9548532731376973,1.9548532731376973,1.9548532731376973,1.9548532731376973,1.9548532731376973,1.9548532731376973,1.9548532731376973,1.9548532731376973,1.9548532731376973,1.9548532731376973,1.9548532731376973,1.9548532731376973,1.9548532731376973,1.9548532731376973,1.9548532731376973,1.9548532731376973,1.9548532731376973,1.9548532731376973,1.9548532731376973,1.9548532731376973,1.9548532731376973,1.9548532731376973,1.9548532731376973,1.9548532731376973,1.9548532731376973,2.0
-0.744920993227991,-0.744920993227991,-0.7629796839729122,-0.7720090293453725,-0.8442437923250565,-0.889390519187359,-0.9345372460496615,-0.9525959367945824,-0.961625282167043,-0.961625282167043,-0.9706546275395034,-0.9887133182844245,-1.0248306997742664,-1.033860045146727,-1.051918735891648,-1.0609480812641086,-1.0609480812641086,-1.051918735891648,-1.0248306997742664,-1.0067720090293455,-0.9706546275395034,-0.9164785553047405,-0.8532731376975171,-0.8081264108352146,-0.7629796839729122,-0.6726862302483072,-0.5643340857787811,-0.4740406320541761,-0.43792325056433423,-0.3747178329571108,-0.3656884875846502,-0.40180586907449234,-0.4559819413092552,-0.6094808126410836,-0.6997742663656885,-0.7810383747178331,-0.961625282167043,-1.1512415349887135,-1.3950338600451468,-1.7291196388261851,-1.8284424379232507,-2.0,-2.0,-2.0,-1.891647855530474,-1.674943566591422,-1.5575620767494356,-1.4311512415349887,-1.214446952595937,-1.051918735891648,-0.9887133182844245,-0.9255079006772009,-0.9255079006772009,-0.9345372460496615,-0.9525959367945824,-0.9525959367945824,-0.9345372460496615,-0.8261851015801356,-0.6907449209932282,-0.6365688487584651,-0.6094808126410836,-0.5823927765237022,-0.5643340857787811,-0.5643340857787811,-0.5823927765237022,-0.5914221218961626,-0.5914221218961626,-0.5914221218961626,-0.5372460496613998,-0.4559819413092552,-0.35665914221218986,-0.3115124153498874,-0.28442437923250585,-0.28442437923250585,-0.28442437923250585,-0.2934537246049662,-0.3115124153498874,-0.3115124153498874,-0.3115124153498874,-0.2934537246049662,-0.2663656884875847,-0.17607223476297973,-0.1128668171557563,-0.10383747178329594,-0.09480812641083536,-0.08577878103837477,-0.07674943566591441,-0.07674943566591441,-0.07674943566591441,-0.058690744920993465,-0.031602708803611934,-0.013544018058690988,0.013544018058690543,0.05869074492099324,0.0677200902934536,0.0677200902934536,0.0677200902934536,0.0677200902934536,0.04966139954853244,0.004514672686230181,0.004514672686230181,0.004514672686230181,0.004514672686230181,0.004514672686230181,0.04966139954853244,0.0677200902934536,0.11286681715575586,0.12189616252821667,0.12189616252821667,0.13092550790067703,0.19413092550790045,0.24830699774266352,0.41083521444695226,0.41083521444695226,0.6275395033860045,0.8713318284424378,1.006772009029345,1.133182844243792,1.4040632054176068,1.7562076749435662,1.8284424379232505,1.9097065462753946,1.9097065462753946,1.9097065462753946,1.9097065462753946,1.9097065462753946,1.9097065462753946,1.9097065462753946,1.9097065462753946,1.9097065462753946,1.9097065462753946,1.9097065462753946,1.9097065462753946,1.9097065462753946,1.9097065462753946,1.9097065462753946,1.9097065462753946,1.9097065462753946,1.9097065462753946,1.9097065462753946,1.9097065462753946,1.9097065462753946,1.9097065462753946,1.9097065462753946,1.9097065462753946,1.9097065462753946,1.9097065462753946,1.9097065462753946,1.9097065462753946,1.9097065462753946,1.9097065462753946,1.9097065462753946,1.9097065462753946,1.9097065462753946,1.9097065462753946,1.9097065462753946,1.9097065462753946,1.9097065462753946,1.9097065462753946,1.9097065462753946,1.9097065462753946,1.9097065462753946,1.9097065462753946,1.9097065462753946,1.9097065462753946,1.9097065462753946,1.9097065462753946,1.9097065462753946,1.9097065462753946,1.9097065462753946,1.9097065462753946,1.9097065462753946,1.9097065462753946,1.9097065462753946,1.9097065462753946,1.9097065462753946,1.9097065462753946,1.9097065462753946,1.9097065462753946,1.9097065462753946,1.9097065462753946,1.9097065462753946,1.9097065462753946,1.9097065462753946,1.9097065462753946,1.9097065462753946,1.9097065462753946,1.9097065462753946,1.9097065462753946,1.9097065462753946,1.9097065462753946,1.9097065462753946,1.9097065462753946,1.9097065462753946,1.9097065462753946,1.9097065462753946,1.9097065462753946,1.9097065462753946,1.9097065462753946,1.9097065462753946,2.0
-0.8368794326241136,-0.8368794326241136,-0.8368794326241136,-0.8368794326241136,-0.8368794326241136,-0.8652482269503547,-0.8936170212765957,-0.9219858156028369,-0.9314420803782506,-0.9408983451536643,-0.9408983451536643,-0.9408983451536643,-0.9692671394799055,-0.9787234042553192,-1.0260047281323876,-1.0732860520094563,-1.148936170212766,-1.1773049645390072,-1.1773049645390072,-1.1205673758865249,-1.0070921985815602,-0.6855791962174942,-0.562647754137116,-0.43971631205673756,-0.22222222222222232,-0.023640661938534313,0.014184397163120366,0.004728132387706641,-0.12765957446808507,-0.3451536643026005,-0.4869976359338062,-0.7801418439716312,-1.0543735224586288,-1.1962174940898347,-1.5839243498817968,-1.8108747044917257,-1.8959810874704492,-1.9810874704491725,-2.0,-1.9716312056737588,-1.8108747044917257,-1.6595744680851063,-1.2245862884160756,-0.9976359338061467,-0.6288416075650118,-0.4208037825059101,-0.3451536643026005,-0.2978723404255319,-0.27895981087470445,-0.2884160756501182,-0.31678486997635935,-0.3451536643026005,-0.3451536643026005,-0.3451536643026005,-0.31678486997635935,-0.2600472813238772,-0.12765957446808507,0.014184397163120366,0.033096926713947816,0.033096926713947816,0.033096926713947816,-0.004728132387706863,-0.023640661938534313,-0.023640661938534313,-0.023640661938534313,-0.023640661938534313,0.014184397163120366,0.04255319148936154,0.09929078014184389,0.10874704491725762,0.10874704491725762,0.10874704491725762,0.10874704491725762,0.10874704491725762,0.10874704491725762,0.10874704491725762,0.10874704491725762,0.1749408983451537,0.20330969267139487,0.24113475177304977,0.24113475177304977,0.24113475177304977,0.2127659574468086,0.19385342789598115,0.12765957446808507,0.12765957446808507,0.12765957446808507,0.12765957446808507,0.12765957446808507,0.14657210401891252,0.20330969267139487,0.22222222222222232,0.23167848699763605,0.2600472813238772,0.27895981087470423,0.3451536643026003,0.3829787234042552,0.46808510638297873,0.5910165484633567,0.6761229314420802,0.8936170212765955,1.016548463356974,1.2907801418439715,1.5555555555555554,1.7825059101654848,1.9148936170212765,2.0,2.0,2.0,2.0,2.0,2.0,2.0,2.0,2.0,2.0,2.0,2.0,2.0,2.0,2.0,2.0,2.0,2.0,2.0,2.0,2.0,2.0,2.0,2.0,2.0,2.0,2.0,2.0,2.0,2.0,2.0,2.0,2.0,2.0,2.0,2.0,2.0,2.0,2.0,2.0,2.0,2.0,2.0,2.0,2.0,2.0,2.0,2.0,2.0,2.0,2.0,2.0,2.0,2.0,2.0,2.0,2.0,2.0,2.0,2.0,2.0,2.0,2.0,2.0,2.0,2.0,2.0,2.0,2.0,2.0,2.0,2.0,2.0,2.0,2.0,2.0,2.0,2.0,2.0,2.0,2.0,2.0,2.0,2.0,2.0,2.0,2.0,2.0,2.0,2.0,2.0,2.0,2.0,2.0,2.0
-0.8368794326241136,-0.8368794326241136,-0.8368794326241136,-0.8368794326241136,-0.8368794326241136,-0.8652482269503547,-0.8936170212765957,-0.9219858156028369,-0.9314420803782506,-0.9408983451536643,-0.9408983451536643,-0.9408983451536643,-0.9692671394799055,-0.9787234042553192,-1.0260047281323876,-1.0732860520094563,-1.148936170212766,-1.1773049645390072,-1.1773049645390072,-1.1205673758865249,-1.0070921985815602,-0.6855791962174942,-0.562647754137116,-0.43971631205673756,-0.22222222222222232,-0.023640661938534313,0.014184397163120366,0.004728132387706641,-0.12765957446808507,-0.3451536643026005,-0.4869976359338062,-0.7801418439716312,-1.0543735224586288,-1.1962174940898347,-1.5839243498817968,-1.8108747044917257,-1.8959810874704492,-1.9810874704491725,-2.0,-1.9716312056737588,-1.8108747044917257,-1.6595744680851063,-1.2245862884160756,-0.9976359338061467,-0.6288416075650118,-0.4208037825059101,-0.3451536643026005,-0.2978723404255319,-0.27895981087470445,-0.2884160756501182,-0.31678486997635935,-0.3451536643026005,-0.3451536643026005,-0.3451536643026005,-0.31678486997635935,-0.2600472813238772,-0.12765957446808507,0.014184397163120366,0.033096926713947816,0.033096926713947816,0.033096926713947816,-0.004728132387706863,-0.023640661938534313,-0.023640661938534313,-0.023640661938534313,-0.023640661938534313,0.014184397163120366,0.04255319148936154,0.09929078014184389,0.10874704491725762,0.10874704491725762,0.10874704491725762,0.10874704491725762,0.10874704491725762,0.10874704491725762,0.10874704491725762,0.10874704491725762,0.1749408983451537,0.20330969267139487,0.24113475177304977,0.24113475177304977,0.24113475177304977,0.2127659574468086,0.19385342789598115,0.12765957446808507,0.12765957446808507,0.12765957446808507,0.12765957446808507,0.12765957446808507,0.14657210401891252,0.20330969267139487,0.22222222222222232,0.23167848699763605,0.2600472813238772,0.27895981087470423,0.3451536643026003,0.3829787234042552,0.46808510638297873,0.5910165484633567,0.6761229314420802,0.8936170212765955,1.016548463356974,1.2907801418439715,1.5555555555555554,1.7825059101654848,1.9148936170212765,2.0,2.0,2.0,2.0,2.0,2.0,2.0,2.0,2.0,2.0,2.0,2.0,2.0,2.0,2.0,2.0,2.0,2.0,2.0,2.0,2.0,2.0,2.0,2.0,2.0,2.0,2.0,2.0,2.0,2.0,2.0,2.0,2.0,2.0,2.0,2.0,2.0,2.0,2.0,2.0,2.0,2.0,2.0,2.0,2.0,2.0,2.0,2.0,2.0,2.0,2.0,2.0,2.0,2.0,2.0,2.0,2.0,2.0,2.0,2.0,2.0,2.0,2.0,2.0,2.0,2.0,2.0,2.0,2.0,2.0,2.0,2.0,2.0,2.0,2.0,2.0,2.0,2.0,2.0,2.0,2.0,2.0,2.0,2.0,2.0,2.0,2.0,2.0,2.0,2.0,2.0,2.0,2.0,2.0,2.0
-0.884160756501182,-0.884160756501182,-0.884160756501182,-0.884160756501182,-0.884160756501182,-0.9125295508274232,-0.9408983451536643,-0.9692671394799055,-0.9787234042553192,-0.988179669030733,-0.988179669030733,-0.988179669030733,-1.016548463356974,-1.0260047281323876,-1.0732860520094563,-1.1205673758865249,-1.1962174940898347,-1.2245862884160756,-1.2245862884160756,-1.1678486997635935,-1.0543735224586288,-0.7328605200945626,-0.6099290780141844,-0.4869976359338062,-0.2695035460992907,-0.07092198581560294,-0.03309692671394804,-0.042553191489361764,-0.1749408983451537,-0.39243498817966915,-0.5342789598108748,-0.8274231678486998,-1.1016548463356974,-1.243498817966903,-1.6312056737588652,-1.8581560283687943,-1.9432624113475176,-2.0,-2.0,-2.0,-1.8581560283687943,-1.706855791962175,-1.2718676122931443,-1.044917257683215,-0.6761229314420805,-0.46808510638297873,-0.39243498817966915,-0.3451536643026005,-0.3262411347517731,-0.3356973995271868,-0.364066193853428,-0.39243498817966915,-0.39243498817966915,-0.39243498817966915,-0.364066193853428,-0.3073286052009456,-0.1749408983451537,-0.03309692671394804,-0.014184397163120588,-0.014184397163120588,-0.014184397163120588,-0.05200945626477549,-0.07092198581560294,-0.07092198581560294,-0.07092198581560294,-0.07092198581560294,-0.03309692671394804,-0.004728132387706863,0.05200945626477527,0.06146572104018899,0.06146572104018899,0.06146572104018899,0.06146572104018899,0.06146572104018899,0.06146572104018899,0.06146572104018899,0.06146572104018899,0.12765957446808507,0.15602836879432624,0.19385342789598115,0.19385342789598115,0.19385342789598115,0.16548463356973997,0.14657210401891252,0.08037825059101644,0.08037825059101644,0.08037825059101644,0.08037825059101644,0.08037825059101644,0.09929078014184389,0.15602836879432624,0.1749408983451537,0.18439716312056742,0.2127659574468086,0.23167848699763605,0.2978723404255317,0.3356973995271866,0.4208037825059101,0.5437352245862885,0.6288416075650116,0.8463356973995273,0.9692671394799053,1.2434988179669029,1.5082742316784867,1.7352245862884161,1.8676122931442078,1.9527186761229314,1.9527186761229314,1.9527186761229314,1.9527186761229314,1.9527186761229314,1.9527186761229314,1.9527186761229314,1.9527186761229314,1.9527186761229314,1.9527186761229314,1.9527186761229314,1.9527186761229314,1.9527186761229314,1.9527186761229314,1.9527186761229314,1.9527186761229314,1.9527186761229314,1.9527186761229314,1.9527186761229314,1.9527186761229314,1.9527186761229314,1.9527186761229314,1.9527186761229314,1.9527186761229314,1.9527186761229314,1.9527186761229314,1.9527186761229314,1.9527186761229314,1.9527186761229314,1.9527186761229314,1.9527186761229314,1.9527186761229314,1.9527186761229314,1.9527186761229314,1.9527186761229314,1.9527186761229314,1.9527186761229314,1.9527186761229314,1.9527186761229314,1.9527186761229314,1.9527186761229314,1.9527186761229314,1.9527186761229314,1.9527186761229314,1.9527186761229314,1.9527186761229314,1.9527186761229314,1.9527186761229314,1.9527186761229314,1.9527186761229314,1.9527186761229314,1.9527186761229314,1.9527186761229314,1.9527186761229314,1.9527186761229314,1.9527186761229314,1.9527186761229314,1.9527186761229314,1.9527186761229314,1.9527186761229314,1.9527186761229314,1.9527186761229314,1.9527186761229314,1.9527186761229314,1.9527186761229314,1.9527186761229314,1.9527186761229314,1.9527186761229314,1.9527186761229314,1.9527186761229314,1.9527186761229314,1.9527186761229314,1.9527186761229314,1.9527186761229314,1.9527186761229314,1.9527186761229314,1.9527186761229314,1.9527186761229314,1.9527186761229314,1.9527186761229314,1.9527186761229314,1.9527186761229314,1.9527186761229314,1.9527186761229314,1.9527186761229314,1.9527186761229314,1.9527186761229314,1.9527186761229314,1.9527186761229314,1.9527186761229314,1.9527186761229314,1.9527186761229314,1.9527186761229314,1.9527186761229314,2.0
-0.9314420803782506,-0.9314420803782506,-0.9314420803782506,-0.9314420803782506,-0.9314420803782506,-0.9598108747044918,-0.988179669030733,-1.016548463356974,-1.0260047281323876,-1.0354609929078014,-1.0354609929078014,-1.0354609929078014,-1.0638297872340425,-1.0732860520094563,-1.1205673758865249,-1.1678486997635935,-1.243498817966903,-1.2718676122931443,-1.2718676122931443,-1.215130023640662,-1.1016548463356974,-0.7801418439716312,-0.657210401891253,-0.5342789598108748,-0.31678486997635935,-0.11820330969267134,-0.08037825059101666,-0.08983451536643039,-0.22222222222222232,-0.43971631205673756,-0.5815602836879432,-0.8747044917257683,-1.148936170212766,-1.2907801418439715,-1.6784869976359338,-1.905437352245863,-1.9905437352245863,-2.0,-2.0,-2.0,-1.905437352245863,-1.7541371158392436,-1.3191489361702127,-1.0921985815602837,-0.7234042553191489,-0.5153664302600474,-0.43971631205673756,-0.39243498817966915,-0.3735224586288417,-0.38297872340425543,-0.4113475177304964,-0.43971631205673756,-0.43971631205673756,-0.43971631205673756,-0.4113475177304964,-0.35460992907801425,-0.22222222222222232,-0.08037825059101666,-0.061465721040189214,-0.061465721040189214,-0.061465721040189214,-0.09929078014184411,-0.11820330969267134,-0.11820330969267134,-0.11820330969267134,-0.11820330969267134,-0.08037825059101666,-0.05200945626477549,0.004728132387706641,0.014184397163120366,0.014184397163120366,0.014184397163120366,0.014184397163120366,0.014184397163120366,0.014184397163120366,0.014184397163120366,0.014184397163120366,0.08037825059101644,0.10874704491725762,0.14657210401891252,0.14657210401891252,0.14657210401891252,0.11820330969267134,0.09929078014184389,0.033096926713947816,0.033096926713947816,0.033096926713947816,0.033096926713947816,0.033096926713947816,0.05200945626477527,0.10874704491725762,0.12765957446808507,0.1371158392434988,0.16548463356973997,0.18439716312056742,0.2505910165484635,0.28841607565011795,0.3735224586288415,0.4964539007092199,0.581560283687943,0.7990543735224587,0.9219858156028367,1.1962174940898342,1.4609929078014185,1.6879432624113475,1.8203309692671392,1.9054373522458627,1.9054373522458627,1.9054373522458627,1.9054373522458627,1.9054373522458627,1.9054373522458627,1.9054373522458627,1.9054373522458627,1.9054373522458627,1.9054373522458627,1.9054373522458627,1.9054373522458627,1.9054373522458627,1.9054373522458627,1.9054373522458627,1.9054373522458627,1.9054373522458627,1.9054373522458627,1.9054373522458627,1.9054373522458627,1.9054373522458627,1.9054373522458627,1.9054373522458627,1.9054373522458627,1.9054373522458627,1.9054373522458627,1.9054373522458627,1.9054373522458627,1.9054373522458627,1.9054373522458627,1.9054373522458627,1.9054373522458627,1.9054373522458627,1.9054373522458627,1.9054373522458627,1.9054373522458627,1.9054373522458627,1.9054373522458627,1.9054373522458627,1.9054373522458627,1.9054373522458627,1.9054373522458627,1.9054373522458627,1.9054373522458627,1.9054373522458627,1.9054373522458627,1.9054373522458627,1.9054373522458627,1.9054373522458627,1.9054373522458627,1.9054373522458627,1.9054373522458627,1.9054373522458627,1.9054373522458627,1.9054373522458627,1.9054373522458627,1.9054373522458627,1.9054373522458627,1.9054373522458627,1.9054373522458627,1.9054373522458627,1.9054373522458627,1.9054373522458627,1.9054373522458627,1.9054373522458627,1.9054373522458627,1.9054373522458627,1.9054373522458627,1.9054373522458627,1.9054373522458627,1.9054373522458627,1.9054373522458627,1.9054373522458627,1.9054373522458627,1.9054373522458627,1.9054373522458627,1.9054373522458627,1.9054373522458627,1.9054373522458627,1.9054373522458627,1.9054373522458627,1.9054373522458627,1.9054373522458627,1.9054373522458627,1.9054373522458627,1.9054373522458627,1.9054373522458627,1.9054373522458627,1.9054373522458627,1.9054373522458627,1.9054373522458627,1.9054373522458627,1.9054373522458627,1.9054373522458627,2.0
-0.47808764940239046,-0.4701195219123506,-0.4701195219123506,-0.5179282868525896,-0.5577689243027888,-0.6454183266932272,-0.6613545816733069,-0.7091633466135459,-0.7330677290836654,-0.7410358565737052,-0.7410358565737052,-0.7410358565737052,-0.7410358565737052,-0.7649402390438247,-0.796812749003984,-0.8127490039840637,-0.8924302788844622,-0.9163346613545817,-0.9482071713147411,-0.9482071713147411,-0.9402390438247012,-0.9083665338645419,-0.8207171314741035,-0.749003984063745,-0.6613545816733069,-0.4462151394422311,-0.3266932270916334,-0.14342629482071723,-0.0717131474103585,0.015936254980079667,0.03984063745019917,0.0239043824701195,-0.11952191235059773,-0.2310756972111554,-0.45418326693227096,-0.5577689243027888,-0.8844621513944224,-1.00398406374502,-1.2589641434262948,-1.545816733067729,-1.7848605577689243,-1.952191235059761,-2.0,-1.8326693227091633,-1.6892430278884463,-1.2749003984063745,-0.8525896414342631,-0.5258964143426295,-0.2310756972111554,-0.19123505976095623,-0.16733067729083673,-0.16733067729083673,-0.2071713147410359,-0.24701195219123506,-0.2549800796812749,-0.2549800796812749,-0.1593625498007969,-0.0717131474103585,-0.047808764940239,-0.0239043824701195,-0.007968127490039834,-0.015936254980079667,-0.031872509960159334,-0.047808764940239,-0.047808764940239,-0.047808764940239,-0.047808764940239,0.06374501992031867,0.10358565737051784,0.143426294820717,0.15139442231075684,0.15139442231075684,0.15139442231075684,0.15139442231075684,0.15139442231075684,0.15139442231075684,0.15139442231075684,0.15936254980079667,0.2629482071713145,0.3266932270916336,0.3426294820717133,0.3426294820717133,0.3426294820717133,0.31075697211155395,0.31075697211155395,0.31075697211155395,0.31075697211155395,0.3426294820717133,0.3984063745019921,0.4621513944223108,0.4701195219123506,0.47808764940239046,0.47808764940239046,0.4621513944223108,0.4621513944223108,0.4621513944223108,0.4621513944223108,0.5258964143426295,0.6294820717131473,0.7968127490039838,0.8366533864541834,0.9163346613545817,1.091633466135458,1.187250996015936,1.3705179282868527,1.5776892430278884,1.6653386454183265,1.856573705179283,2.0,2.0,2.0,2.0,2.0,2.0,2.0,2.0,2.0,2.0,2.0,2.0,2.0,2.0,2.0,2.0,2.0,2.0,2.0,2.0,2.0,2.0,2.0,2.0,2.0,2.0,2.0,2.0,2.0,2.0,2.0,2.0,2.0,2.0,2.0,2.0,2.0,2.0,2.0,2.0,2.0,2.0,2.0,2.0,2.0,2.0,2.0,2.0,2.0,2.0,2.0,2.0,2.0,2.0,2.0,2.0,2.0,2.0,2.0,2.0,2.0,2.0,2.0,2.0,2.0,2.0,2.0,2.0,2.0,2.0,2.0,2.0,2.0,2.0,2.0,2.0,2.0,2.0,2.0,2.0,2.0,2.0,2.0,2.0,2.0,2.0,2.0,2.0,2.0,2.0,2.0,2.0,2.0
-0.47808764940239046,-0.4701195219123506,-0.4701195219123506,-0.5179282868525896,-0.5577689243027888,-0.6454183266932272,-0.6613545816733069,-0.7091633466135459,-0.7330677290836654,-0.7410358565737052,-0.7410358565737052,-0.7410358565737052,-0.7410358565737052,-0.7649402390438247,-0.796812749003984,-0.8127490039840637,-0.8924302788844622,-0.9163346613545817,-0.9482071713147411,-0.9482071713147411,-0.9402390438247012,-0.9083665338645419,-0.8207171314741035,-0.749003984063745,-0.6613545816733069,-0.4462151394422311,-0.3266932270916334,-0.14342629482071723,-0.0717131474103585,0.015936254980079667,0.03984063745019917,0.0239043824701195,-0.11952191235059773,-0.2310756972111554,-0.45418326693227096,-0.5577689243027888,-0.8844621513944224,-1.00398406374502,-1.2589641434262948,-1.545816733067729,-1.7848605577689243,-1.952191235059761,-2.0,-1.8326693227091633,-1.6892430278884463,-1.2749003984063745,-0.8525896414342631,-0.5258964143426295,-0.2310756972111554,-0.19123505976095623,-0.16733067729083673,-0.16733067729083673,-0.2071713147410359,-0.24701195219123506,-0.2549800796812749,-0.2549800796812749,-0.1593625498007969,-0.0717131474103585,-0.047808764940239,-0.0239043824701195,-0.007968127490039834,-0.015936254980079667,-0.031872509960159334,-0.047808764940239,-0.047808764940239,-0.047808764940239,-0.047808764940239,0.06374501992031867,0.10358565737051784,0.143426294820717,0.15139442231075684,0.15139442231075684,0.15139442231075684,0.15139442231075684,0.15139442231075684,0.15139442231075684,0.15139442231075684,0.15936254980079667,0.2629482071713145,0.3266932270916336,0.3426294820717133,0.3426294820717133,0.3426294820717133,0.31075697211155395,0.31075697211155395,0.31075697211155395,0.31075697211155395,0.3426294820717133,0.3984063745019921,0.4621513944223108,0.4701195219123506,0.47808764940239046,0.47808764940239046,0.4621513944223108,0.4621513944223108,0.4621513944223108,0.4621513944223108,0.5258964143426295,0.6294820717131473,0.7968127490039838,0.8366533864541834,0.9163346613545817,1.091633466135458,1.187250996015936,1.3705179282868527,1.5776892430278884,1.6653386454183265,1.856573705179283,2.0,2.0,2.0,2.0,2.0,2.0,2.0,2.0,2.0,2.0,2.0,2.0,2.0,2.0,2.0,2.0,2.0,2.0,2.0,2.0,2.0,2.0,2.0,2.0,2.0,2.0,2.0,2.0,2.0,2.0,2.0,2.0,2.0,2.0,2.0,2.0,2.0,2.0,2.0,2.0,2.0,2.0,2.0,2.0,2.0,2.0,2.0,2.0,2.0,2.0,2.0,2.0,2.0,2.0,2.0,2.0,2.0,2.0,2.0,2.0,2.0,2.0,2.0,2.0,2.0,2.0,2.0,2.0,2.0,2.0,2.0,2.0,2.0,2.0,2.0,2.0,2.0,2.0,2.0,2.0,2.0,2.0,2.0,2.0,2.0,2.0,2.0,2.0,2.0,2.0,2.0,2.0,2.0
-0.5179282868525896,-0.5099601593625498,-0.5099601593625498,-0.5577689243027888,-0.597609561752988,-0.6852589641434264,-0.701195219123506,-0.749003984063745,-0.7729083665338645,-0.7808764940239044,-0.7808764940239044,-0.7808764940239044,-0.7808764940239044,-0.8047808764940239,-0.8366533864541832,-0.8525896414342631,-0.9322709163346614,-0.9561752988047809,-0.9880478087649402,-0.9880478087649402,-0.9800796812749004,-0.9482071713147411,-0.8605577689243029,-0.7888446215139442,-0.701195219123506,-0.4860557768924303,-0.3665338645418328,-0.1832669322709164,-0.11155378486055789,-0.0239043824701195,0.0,-0.015936254980079667,-0.1593625498007969,-0.27091633466135456,-0.4940239043824701,-0.597609561752988,-0.9243027888446216,-1.043824701195219,-1.298804780876494,-1.5856573705179282,-1.8247011952191234,-1.9920318725099602,-2.0,-1.8725099601593627,-1.7290836653386454,-1.3147410358565739,-0.8924302788844622,-0.5657370517928286,-0.27091633466135456,-0.2310756972111554,-0.2071713147410359,-0.2071713147410359,-0.24701195219123506,-0.28685258964143423,-0.29482071713147406,-0.29482071713147406,-0.19920318725099606,-0.11155378486055789,-0.08764940239043817,-0.06374501992031867,-0.047808764940239,-0.055776892430278835,-0.0717131474103585,-0.08764940239043817,-0.08764940239043817,-0.08764940239043817,-0.08764940239043817,0.0239043824701195,0.06374501992031867,0.10358565737051784,0.11155378486055767,0.11155378486055767,0.11155378486055767,0.11155378486055767,0.11155378486055767,0.11155378486055767,0.11155378486055767,0.1195219123505975,0.22310756972111534,0.286852589641434,0.3027888446215141,0.3027888446215141,0.3027888446215141,0.27091633466135434,0.27091633466135434,0.27091633466135434,0.27091633466135434,0.3027888446215141,0.35856573705179295,0.4223107569721116,0.43027888446215146,0.4382470119521913,0.4382470119521913,0.4223107569721116,0.4223107569721116,0.4223107569721116,0.4223107569721116,0.4860557768924303,0.5896414342629481,0.7569721115537846,0.7968127490039838,0.8764940239043826,1.051792828685259,1.147410358565737,1.3306772908366535,1.5378486055776892,1.6254980079681274,1.8167330677290834,1.9601593625498008,1.9601593625498008,1.9601593625498008,1.9601593625498008,1.9601593625498008,1.9601593625498008,1.9601593625498008,1.9601593625498008,1.9601593625498008,1.9601593625498008,1.9601593625498008,1.9601593625498008,1.9601593625498008,1.9601593625498008,1.9601593625498008,1.9601593625498008,1.9601593625498008,1.9601593625498008,1.9601593625498008,1.9601593625498008,1.9601593625498008,1.9601593625498008,1.9601593625498008,1.9601593625498008,1.9601593625498008,1.9601593625498008,1.9601593625498008,1.9601593625498008,1.9601593625498008,1.9601593625498008,1.9601593625498008,1.9601593625498008,1.9601593625498008,1.9601593625498008,1.9601593625498008,1.9601593625498008,1.9601593625498008,1.9601593625498008,1.9601593625498008,1.9601593625498008,1.9601593625498008,1.9601593625498008,1.9601593625498008,1.9601593625498008,1.9601593625498008,1.9601593625498008,1.9601593625498008,1.9601593625498008,1.9601593625498008,1.9601593625498008,1.9601593625498008,1.9601593625498008,1.9601593625498008,1.9601593625498008,1.9601593625498008,1.9601593625498008,1.9601593625498008,1.9601593625498008,1.9601593625498008,1.9601593625498008,1.9601593625498008,1.9601593625498008,1.9601593625498008,1.9601593625498008,1.9601593625498008,1.9601593625498008,1.9601593625498008,1.9601593625498008,1.9601593625498008,1.9601593625498008,1.9601593625498008,1.9601593625498008,1.9601593625498008,1.9601593625498008,1.9601593625498008,1.9601593625498008,1.9601593625498008,1.9601593625498008,1.9601593625498008,1.9601593625498008,1.9601593625498008,1.9601593625498008,1.9601593625498008,1.9601593625498008,1.9601593625498008,1.9601593625498008,1.9601593625498008,1.9601593625498008,1.9601593625498008,1.9601593625498008,1.9601593625498008,1.9601593625498008,2.0
-0.5577689243027888,-0.549800796812749,-0.549800796812749,-0.597609561752988,-0.6374501992031874,-0.7250996015936255,-0.7410358565737052,-0.7888446215139442,-0.8127490039840637,-0.8207171314741035,-0.8207171314741035,-0.8207171314741035,-0.8207171314741035,-0.844621513944223,-0.8764940239043826,-0.8924302788844622,-0.9721115537848606,-0.9960159362549801,-1.0278884462151394,-1.0278884462151394,-1.0199203187250996,-0.9880478087649402,-0.9003984063745021,-0.8286852589641434,-0.7410358565737052,-0.5258964143426295,-0.40637450199203196,-0.22310756972111556,-0.15139442231075706,-0.06374501992031867,-0.03984063745019917,-0.055776892430278835,-0.19920318725099606,-0.31075697211155373,-0.5338645418326693,-0.6374501992031874,-0.9641434262948207,-1.0836653386454183,-1.3386454183266934,-1.6254980079681274,-1.8645418326693228,-2.0,-2.0,-1.9123505976095618,-1.7689243027888446,-1.354581673306773,-0.9322709163346614,-0.605577689243028,-0.31075697211155373,-0.27091633466135456,-0.24701195219123506,-0.24701195219123506,-0.28685258964143423,-0.3266932270916334,-0.33466135458167323,-0.33466135458167323,-0.23904382470119523,-0.15139442231075706,-0.12749003984063756,-0.10358565737051806,-0.08764940239043817,-0.09561752988047822,-0.11155378486055789,-0.12749003984063756,-0.12749003984063756,-0.12749003984063756,-0.12749003984063756,-0.015936254980079667,0.0239043824701195,0.06374501992031867,0.0717131474103585,0.0717131474103585,0.0717131474103585,0.0717131474103585,0.0717131474103585,0.0717131474103585,0.0717131474103585,0.07968127490039834,0.18326693227091617,0.24701195219123484,0.2629482071713145,0.2629482071713145,0.2629482071713145,0.23107569721115517,0.23107569721115517,0.23107569721115517,0.23107569721115517,0.2629482071713145,0.3187250996015938,0.38247011952191245,0.3904382470119523,0.3984063745019921,0.3984063745019921,0.38247011952191245,0.38247011952191245,0.38247011952191245,0.38247011952191245,0.4462151394422311,0.549800796812749,0.7171314741035855,0.7569721115537846,0.8366533864541834,1.0119521912350598,1.1075697211155378,1.290836653386454,1.49800796812749,1.5856573705179282,1.7768924302788842,1.9203187250996017,1.9203187250996017,1.9203187250996017,1.9203187250996017,1.9203187250996017,1.9203187250996017,1.9203187250996017,1.9203187250996017,1.9203187250996017,1.9203187250996017,1.9203187250996017,1.9203187250996017,1.9203187250996017,1.9203187250996017,1.9203187250996017,1.9203187250996017,1.9203187250996017,1.9203187250996017,1.9203187250996017,1.9203187250996017,1.9203187250996017,1.9203187250996017,1.9203187250996017,1.9203187250996017,1.9203187250996017,1.9203187250996017,1.9203187250996017,1.9203187250996017,1.9203187250996017,1.9203187250996017,1.9203187250996017,1.9203187250996017,1.9203187250996017,1.9203187250996017,1.9203187250996017,1.9203187250996017,1.9203187250996017,1.9203187250996017,1.9203187250996017,1.9203187250996017,1.9203187250996017,1.9203187250996017,1.9203187250996017,1.9203187250996017,1.9203187250996017,1.9203187250996017,1.9203187250996017,1.9203187250996017,1.9203187250996017,1.9203187250996017,1.9203187250996017,1.9203187250996017,1.9203187250996017,1.9203187250996017,1.9203187250996017,1.9203187250996017,1.9203187250996017,1.9203187250996017,1.9203187250996017,1.9203187250996017,1.9203187250996017,1.9203187250996017,1.9203187250996017,1.9203187250996017,1.9203187250996017,1.9203187250996017,1.9203187250996017,1.9203187250996017,1.9203187250996017,1.9203187250996017,1.9203187250996017,1.9203187250996017,1.9203187250996017,1.9203187250996017,1.9203187250996017,1.9203187250996017,1.9203187250996017,1.9203187250996017,1.9203187250996017,1.9203187250996017,1.9203187250996017,1.9203187250996017,1.9203187250996017,1.9203187250996017,1.9203187250996017,1.9203187250996017,1.9203187250996017,1.9203187250996017,1.9203187250996017,1.9203187250996017,1.9203187250996017,1.9203187250996017,2.0
